<?xml version="1.0" encoding="utf-8"?>

<data>
	<propriedades>
		<cor_texto>
			<red>0</red>
			<green>0</green>
			<blue>0</blue>
		</cor_texto>
		<nome>Joaquina</nome>
		<fase>1</fase>
	</propriedades>
	
	<dialogos>
		<dialogo nome="inicial" tipo="falas">
			<falas>
				<fala personagem="Player">Olá! Tudo bem?</fala>
				<fala personagem="npc">Tudo ótimo, e com você?</fala>				
				<fala personagem="Player">De boa na lagoa! :-D</fala>
				<fala personagem="npc">Uma boa semana pra você então!</fala>
			</falas>
			<acoes>
				<acao tipo="variavel" nome="fase1.joaquina.inicial" valor="1"/>
				<acao tipo="iniciar_dialogo" dialogo="options"/><!-- Abre opções de diálogo. -->
			</acoes>
		</dialogo>
		
		<dialogo nome="options" tipo="opcoes">
			<opcoes>
				<opcao>
					<texto>Gostaria de te fazer uma pergunta muito importante.</texto>
					<acoes>
						<acao tipo="iniciar_dialogo" dialogo="p1"/><!-- Inicia o dialogo p1. -->
					</acoes>
					<condicoes>
						<condicao tipo="variavel" nome="fase1.joaquina.dialogo1" valor=""/>
					</condicoes>
				</opcao>
				
				<opcao>
					<texto>Soube que você teletransporta pessoas. Poderias me levar para a fase 2?</texto>
					<acoes>
						<acao tipo="iniciar_dialogo" dialogo="p3"/><!-- Inicia o dialogo p2. -->
					</acoes>
					<condicoes>
						<condicao tipo="variavel" nome="fase1.joaquina.dialogo3" valor=""/>
					</condicoes>
				</opcao>
				
				<opcao>
					<texto>E agora, poderias me levar para a fase 2?</texto>
					<acoes>
						<acao tipo="iniciar_dialogo" dialogo="p4"/><!-- Inicia o dialogo p2. -->
					</acoes>
					<condicoes>
						<condicao tipo="variavel" nome="fase1.joaquina.dialogo3" valor="1"/>
					</condicoes>
				</opcao>
				
				<opcao>
					<texto>Até mais!</texto>
					<acoes>
						<acao tipo="encerrar_dialogo"/>
					</acoes>
					<condicoes>
						<condicao tipo="variavel" nome="fase1.joaquina.dialogo4" valor=""/>
					</condicoes>
				</opcao>
			</opcoes>
		</dialogo>
		
		<dialogo nome="p1" tipo="falas">
			<falas>
				<fala personagem="Player">
					Qual é o sentido da vida?
				</fala>
				<fala personagem="npc">
					Não me faça perguntas difíceis, por favor.
				</fala>
			</falas>
			<acoes>
				<acao tipo="variavel" nome="fase1.joaquina.dialogo1" valor="1"/>
				<acao tipo="iniciar_dialogo" dialogo="options"/><!-- Volta ao diálogo inicial. -->
			</acoes>
		</dialogo>
		
		<dialogo nome="p3" tipo="falas">
			<falas>
				<fala personagem="npc">
					Primeiramente pegue uma chave que está por aí, pois vc irá precisar.
				</fala>
			</falas>
			<acoes>
				<acao tipo="encerrar_dialogo"/>
			</acoes>
		</dialogo>
		
		<dialogo nome="p4" tipo="falas">
			<falas>
				<fala personagem="npc">
					Here we go!! :D
				</fala>
			</falas>
			<acoes>
				<acao tipo="ir_para_fase" nome="2"/>
				<acao tipo="encerrar_dialogo"/>
			</acoes>
		</dialogo>
	</dialogos>
	
	<eventos>
		<interacao>
			<condicoes>
				<condicao tipo="variavel" nome="fase1.joaquina.inicial" valor=""/>
			</condicoes>
			<acoes>
				<acao tipo="iniciar_dialogo" dialogo="inicial"/>
			</acoes>
		</interacao>
		
		<interacao>
			<condicoes>
				<condicao tipo="variavel" nome="fase1.joaquina.inicial" valor="1"/>
			</condicoes>
			<acoes>
				<acao tipo="iniciar_dialogo" dialogo="options"/>
			</acoes>
		</interacao>
	</eventos>
</data>